Frame,Correlation,Brightness
1,1,0.5669112089280155
2,0.9981303439289962,0.5683389405144775
3,0.998187702084399,0.5684199605768228
4,0.9981323404084712,0.5686541283179937
5,0.9981216830031604,0.5681808525879486
6,0.9981760961209949,0.5681591154980511
7,0.9981841123778278,0.5677885969202494
8,0.9980776141162652,0.5667363241592932
9,0.9982362501033928,0.5668242605684243
10,0.9982422595157238,0.568048453949481
